PDB	rigid_energy_score(start	end)	rigid_energy_score_refe(start	end)	energy_score(start	end)	energy_score_refe(start	end)	restraining_energy_score(start	end)	restraining_energy_score_refe(start	end)
1A2K	32827.166	109.172	-18.252	-24.144	8320.682	296.600	436.879	278.623	409.444	369.548	512.433	356.925
1ACB	394.611	-19.340	-25.516	-27.641	485621.320	61564.334	484140.401	65866.201	485253.020	58978.268	484183.043	63881.052
1AHW	-5.139	-20.475	-24.520	-30.628	208.226	139.715	228.848	152.584	266.804	220.970	305.589	244.734
1AK4	256.465	-20.700	-21.501	-22.805	350.191	93.724	152.160	83.378	119.230	115.515	181.381	111.505
1AKJ	64.045	-16.822	-23.760	-26.711	225646.058	10448.666	278167.277	20860.988	225651.115	10002.649	278259.261	20570.762
1ATN	4147.847	-16.800	-26.619	-28.457	1724.230	168.037	323.927	155.797	310.917	250.733	397.391	245.295
1AVX	541.104	-21.513	-28.539	-33.738	197482.550	10394.024	211912.362	15489.492	197564.781	9955.703	212008.393	14867.661
1AY7	-11.234	-17.573	-18.703	-21.755	205.129	165.981	281.976	178.768	263.878	232.598	349.965	250.537
1AZS	-10.120	-16.051	-17.880	-25.981	276.048	207.099	244.393	184.230	346.361	299.734	325.692	282.201
1B6C	3805543.114	-24.674	-25.832	-33.469	3805847.286	351.628	329.139	271.751	402.009	405.879	413.747	372.566
1BJ1	2916.332	-21.182	-30.418	-36.598	2946.591	133.162	122.948	80.754	241.603	206.878	195.245	169.316
1BKD	6295696.469	-9.617	-34.605	-43.998	94765.478	4629.616	97859.325	2407.014	87585.935	4484.324	97975.368	2456.365
1BUH	171.371	-20.574	-17.332	-26.728	316.985	104.450	105.537	58.792	191.223	181.589	171.913	140.416
1BVK	2.249	-23.530	-19.955	-24.640	260.029	187.585	190.207	149.599	297.536	246.455	247.422	215.809
1BVN	125.583	-29.802	-34.687	-36.152	489.259	226.077	223.307	181.974	413.777	308.808	305.135	274.873
1CGI	85833.328	-11.501	-37.010	-40.039	88308.987	2462.172	3489.607	3389.112	2529.382	2486.727	3548.245	3460.464
1D6R	20909241.726	-9.709	-20.686	-22.582	20911440.473	946.211	2429.037	838.936	2379.008	923.312	2459.156	851.971
1DFJ	3851.817	-24.287	-33.638	-35.945	73696.380	5399.161	64903.170	6585.663	69902.728	4943.351	64994.598	6238.187
1DQJ	70229.635	-13.726	-29.093	-34.006	70802.080	425.065	423.201	376.042	632.025	496.269	505.871	465.040
1E4K	123287.037	-9.567	-24.113	-28.120	123687.884	364.656	444.967	375.233	482.411	455.443	532.250	474.321
1E6E	-12.972	-24.118	-21.703	-26.899	2998.613	2938.134	2881.141	2840.144	3038.156	2995.791	2934.467	2899.270
1E6J	-13.219	-22.784	-22.531	-28.167	2354.801	2320.420	2377.030	2348.631	2396.650	2372.299	2420.536	2408.220
1E96	1221.502	-17.301	-20.076	-23.210	1310.671	209.184	194.921	144.838	311.987	268.717	249.406	208.065
1EAW	1877.186	206.649	-33.890	-39.405	1790.238	191.826	193.367	149.554	281.923	251.549	246.772	225.388
1EER	38237.007	-16.715	-40.724	-43.484	799652.907	519640.228	696754.617	485545.057	784057.478	503449.200	696898.386	480358.600
1EFN	946.893	-17.964	-13.835	-20.333	1089.292	116.646	133.804	89.852	171.065	160.163	152.896	136.787
1EWY	-13.265	-18.472	-18.332	-24.302	2665.118	2548.640	2929.516	2711.090	2697.896	2589.688	2955.898	2750.133
1EZU	4598894.071	-17.543	-31.578	-35.236	4770149.847	169352.450	174052.900	170646.016	173254.789	169518.868	174209.779	170822.688
1F34	43139.620	-14.957	-29.409	-30.701	726464.923	142503.751	654816.417	148644.921	683410.164	137232.738	654914.510	142736.280
1F51	7187.653	-15.485	-19.342	-25.951	8640.868	787.960	2762.124	820.554	2923.722	860.418	2854.647	903.783
1F6M	1111.183	-11.391	-29.073	-34.273	3734.416	613.486	2582.765	579.356	2692.610	684.923	2670.888	679.626
1FAK	6775.698	-6.942	-32.310	-35.776	570.992	240.259	256.632	188.287	201.179	225.549	318.408	260.112
1FC2	749.994	-13.467	-20.362	-22.992	1005.469	215.279	311.585	228.816	272.277	248.310	355.272	278.861
1FCC	73293.688	-5.001	-5.702	-12.383	73564.419	345.815	288.466	229.081	300.217	376.797	328.052	285.864
1FFW	195.003	-12.774	-19.554	-23.245	368.044	118.450	179.682	155.052	216.628	190.047	241.964	229.500
1FLE	123164.261	193.803	-25.231	-28.300	121664.856	613.078	185.492	127.729	237.769	646.375	227.249	182.843
1FQ1	8013.089	-17.837	-19.857	-23.269	8199.085	144.002	141.545	111.358	224.095	208.203	191.161	173.432
1FQJ	597.616	-17.679	-19.156	-26.946	855.227	328.864	379.937	327.704	467.237	429.113	483.661	447.481
1FSK	-9.846	-32.550	-22.548	-33.891	238.756	190.436	262.557	212.655	284.530	264.554	316.328	287.933
1GCQ	-17.411	-19.560	-19.192	-22.073	3231.430	3192.489	3093.790	3067.191	3285.240	3253.756	3151.114	3125.899
1GHQ	-8.871	-11.465	-7.611	-8.823	2458.291	946.372	2525.145	570.882	2501.856	988.840	2561.898	605.503
1GL1	1718.002	-18.959	-19.548	-30.991	5126.046	3373.773	2973.058	2953.426	3441.515	3408.986	3006.204	2993.474
1GLA	2231.943	-13.574	-16.014	-21.967	2507.272	227.782	301.595	206.602	326.788	289.595	358.711	267.937
1GP2	77.648	-23.648	-25.476	-29.415	259.999	130.525	157.615	121.658	228.434	212.394	222.931	193.619
1GPW	189.103	-19.180	-26.763	-30.727	38644.194	3795.110	35852.709	3566.018	38620.665	3818.410	35965.001	3648.378
1GRN	299.495	-14.967	-19.503	-23.022	650.361	302.982	301.226	273.619	404.979	370.756	373.884	352.067
1GXD	16100.261	-11.400	-13.108	-26.882	21130.005	3544.099	5341.579	3521.965	5498.065	3600.398	5404.260	3594.268
1H1V	816227830.416	31391.229	-28.424	-32.486	774860991.959	55751.412	80686.587	53218.481	84953.353	55242.947	80820.396	53237.293
1H9D	361.197	-8.968	-26.101	-29.856	2970.520	548.681	2553.877	1728.200	2715.663	616.373	2651.529	1801.197
1HCF	24.214	-12.242	-17.812	-24.412	82175.826	9195.143	102921.867	6479.388	82190.572	9143.255	102982.344	6295.780
1HE1	23176974.941	-17.678	-25.034	-26.738	37785.580	413.154	418.923	356.255	571.329	520.627	538.857	491.726
1HE8	-8.239	-12.603	-14.226	-17.064	161.075	107.839	106.370	81.467	200.815	157.483	151.537	140.404
1HIA	396039.569	-12.659	-34.752	-35.866	398394.855	929.610	153.082	115.193	2377.488	912.669	207.739	179.383
1I2M	86503131.750	-18.749	-40.174	-43.428	86527726.961	1582.256	29201.855	2457.511	24677.492	1597.107	29304.833	2497.486
1I4D	1180.083	-2.292	-21.519	-25.476	400583.727	70444.555	369158.171	35809.055	399475.778	69160.003	369248.658	34404.619
1I9R	-21.615	-28.207	-21.207	-30.261	6704.254	2305.314	2766.385	1124.390	6790.040	2329.155	2813.365	1201.807
1IB1	4935414.604	399.968	-12.742	-20.276	4995016.438	23371.580	256495.116	37656.709	251020.530	21657.402	256587.675	34852.856
1IBR	56831.413	5034.747	-39.976	-42.022	211933.264	152091.345	180425.051	166300.055	169068.032	152201.842	180613.156	166401.301
1IJK	-7.827	-18.119	-20.452	-23.899	221.724	174.485	213.444	177.931	263.979	242.054	269.249	247.836
1IQD	1631.589	-24.012	-31.630	-36.966	1734.808	211.725	263.006	212.392	270.106	275.492	322.172	287.975
1J2J	6.543	-16.089	-16.592	-19.837	241.056	194.870	237.811	193.003	265.589	247.577	283.241	251.780
1JIW	8717.263	-17.827	-11.731	-17.195	853885.834	89154.470	817061.227	51528.800	845243.735	88839.589	817160.192	50697.028
1JK9	14106.889	-18.246	-20.026	-23.364	271983.051	8855.629	270165.690	9110.004	271472.643	8702.281	270247.999	8938.056
1JMO	35548811.988	-0.615	-23.766	-27.224	35551156.334	594.155	2463.833	566.276	2359.222	592.870	2497.571	562.489
1JPS	-14.666	-20.919	-25.415	-29.053	13400.152	1224.249	14934.147	3269.838	13457.967	1275.518	15005.557	3250.524
1JTD	171.165	-22.272	-20.305	-29.010	41007.570	1682.518	37868.193	2801.348	40933.918	1720.880	37987.328	2708.648
1JTG	25.601	-27.161	-28.354	-31.677	42902.249	33343.127	42308.843	32306.269	42998.070	33448.472	42463.369	32459.969
1JWH	384900.329	-7.264	-18.525	-24.842	385275.672	524.456	265.977	220.493	417.122	558.375	325.369	297.282
1JZD	39618.358	-13.587	-29.235	-32.269	168974.305	11188.294	127469.327	6770.717	129474.636	10613.390	127553.293	6608.844
1K4C	99.542	-24.896	-28.280	-33.206	234.836	142.967	125.728	85.442	225.346	210.187	185.361	152.457
1K5D	53603.652	-23.527	-35.915	-38.562	272118.259	100681.983	237493.077	103043.867	223915.891	100649.528	237648.479	102822.809
1K74	183.031	-31.588	-25.025	-35.337	527.730	273.357	338.004	281.953	452.091	421.205	441.997	425.955
1KAC	461.039	-14.922	-16.792	-20.648	3134.804	411.009	2627.743	720.334	2734.486	480.933	2707.151	793.916
1KKL	-7.670	-23.379	-21.877	-24.050	406.798	255.702	282.795	242.402	469.749	339.997	357.116	329.250
1KLU	1561.932	-17.164	-16.173	-22.425	8627.884	467.805	29206.845	900.330	7104.987	517.308	29264.938	950.658
1KTZ	30.340	-17.173	-16.829	-20.377	2469.614	891.670	2404.980	413.786	2491.933	911.465	2445.418	453.173
1KXP	2043.792	-24.203	-39.843	-47.533	20231.362	1976.365	18214.271	5114.541	18286.834	2049.538	18358.749	5229.833
1KXQ	302.347	-31.234	-34.319	-36.032	958075.500	6260.161	958169.745	905.994	957973.372	6132.352	958284.093	962.015
1LFD	5565.848	-12.781	-18.933	-19.871	6118.795	289.247	132.465	114.256	588.626	322.068	180.206	170.068
1M10	3335483.274	-0.025	-28.602	-31.771	3414177.455	51419.954	78362.977	53920.199	80138.040	51444.660	78499.098	53985.954
1M27	30.250	-13.811	3.984	-19.236	128.550	58.771	68.755	43.528	107.643	83.796	77.497	72.822
1MAH	1303.281	-24.307	-29.745	-30.966	6757.484	3377.260	5723.463	3633.132	5488.244	3385.789	5782.560	3684.313
1ML0	7871.018	-15.023	-33.581	-35.297	815376.259	79330.826	722155.656	123432.119	807545.462	77602.558	722226.958	122206.494
1MLC	138.705	-7.520	-23.489	-28.455	319.709	220.472	299.513	190.985	359.990	267.293	345.423	242.876
1MQ8	9.922	-15.537	-13.966	-18.297	261.041	199.501	255.340	205.888	286.901	260.636	290.305	255.218
1NCA	-22.203	-27.759	-26.504	-32.835	4711.549	918.073	5131.130	2244.425	4774.737	950.772	5197.280	2239.071
1NSN	12.512	-18.422	-14.910	-27.163	401.634	326.096	416.112	351.107	444.141	409.821	476.439	437.402
1NW9	154.199	-18.579	-30.557	-33.271	2784.783	2576.866	2562.836	2530.150	2691.562	2681.400	2654.190	2637.231
1OC0	98.710	-14.096	-17.845	-23.491	300.540	146.574	268.937	184.002	251.619	170.910	296.255	220.422
1OFU	4461.704	-19.240	-29.366	-35.876	4647.010	172.851	174.381	144.391	268.584	251.455	263.094	243.097
1OPH	-1.093	-24.553	-25.065	-29.612	606.451	424.901	403.249	349.998	690.286	527.150	505.383	459.522
1OYV	346723.254	-3.887	-33.638	-36.483	347098.660	295.824	313.624	274.738	477.917	355.989	383.081	359.082
1PPE	-2.592	-27.580	-27.575	-29.240	388017.422	33362.553	397267.341	53057.958	388054.344	32436.461	397316.798	50176.202
1PVH	7258.087	-13.817	-7.663	-13.495	889437.159	62017.752	915567.570	14789.754	882245.121	59948.180	915640.122	14410.421
1PXV	40806473.593	5.241	-30.879	-33.287	40806708.233	645.411	341.447	196.745	432.063	618.486	433.420	292.774
1QA9	-10.997	-14.449	-13.331	-16.854	252.489	205.436	295.170	247.414	300.209	258.392	342.000	300.848
1QFW	-12.189	-25.139	-25.166	-26.761	228.619	170.307	216.199	176.816	271.844	234.629	269.561	240.968
1R0R	-10.191	-20.421	-28.325	-30.207	2443.440	718.879	2407.657	991.286	2478.120	744.685	2454.415	1033.569
1R6Q	706.688	-14.191	-10.288	-16.817	311259.783	30397.098	183855.737	12393.377	310594.614	29520.549	183907.578	12279.537
1R8S	6579.497	-5.232	-39.969	-43.111	226134.667	25326.409	222743.864	8090.240	220096.026	23805.025	222857.574	7573.227
1RKE	13826900.486	-14.720	-26.463	-30.054	13844775.583	3415.497	26887.932	1844.794	49736.211	3408.950	26965.684	1895.686
1RLB	4030897.225	-8.368	-19.648	-23.141	4031119.797	248.041	1838.806	387.960	273.149	315.145	1915.514	466.180
1RV6	-11.962	-29.699	-25.886	-29.904	4850.938	3305.329	4764.088	3646.641	4906.170	3359.325	4831.939	3667.493
1S1Q	52.753	-15.109	-17.482	-18.252	3106.710	2932.789	3170.174	3035.895	3103.737	2995.985	3236.630	3105.617
1SBB	-2.130	-19.768	-17.882	-22.314	224.493	149.894	157.805	129.638	257.370	210.572	209.819	196.179
1SYX	1761.088	-17.550	-13.565	-18.626	4434.729	2680.892	2514.744	2463.828	2685.031	2692.200	2532.763	2497.407
1T6B	517.045	-21.124	-22.400	-30.798	541.942	288.176	421.206	260.138	501.861	367.064	503.588	348.264
1TMQ	76.946	-19.783	-28.562	-31.600	668564.372	111763.260	687995.586	120184.293	668602.874	110417.791	688105.582	117622.971
1UDI	24732.774	-22.091	-33.979	-36.328	384821.242	76461.647	352648.265	136911.995	360167.272	70679.962	352755.513	132270.593
1US7	-0.110	-16.050	-12.396	-14.610	262.633	193.980	274.061	184.670	313.466	272.689	336.226	267.010
1VFB	-8.531	-23.584	-19.949	-26.909	595.016	510.704	261.043	218.744	344.383	407.967	330.033	295.724
1WEJ	-13.250	-27.108	-22.036	-25.136	3144.817	3051.318	3105.460	3060.789	3197.427	3118.200	3165.140	3130.801
1WQ1	56.540	-21.460	-26.988	-31.483	13213.112	1059.608	13292.304	1978.977	13207.254	1142.456	13390.902	2029.140
1XD3	59.226	-18.230	-18.395	-23.318	4921.743	3071.195	4479.958	3022.755	4929.606	3131.012	4547.882	3098.826
1XQS	4391.484	-11.126	-21.444	-40.305	4731.968	409.589	374.567	305.253	431.731	483.447	453.514	407.567
1XU1	732.725	-16.560	-15.848	-19.481	887.898	137.419	230.640	144.446	181.019	177.866	270.351	194.129
1Z0K	29.109	-17.284	-14.580	-18.024	424634.729	114140.706	536316.951	159253.067	424631.090	112469.276	536361.087	155357.326
1Z5Y	17428.187	-5.360	-19.287	-25.698	331122.194	35465.332	256555.513	15330.703	313730.896	34879.331	256603.860	14686.066
1ZHH	729.890	-12.927	-20.375	-23.432	1107.152	259.427	388.412	256.391	421.201	305.399	444.265	315.089
1ZHI	187.144	-19.651	-22.539	-26.636	484401.434	76886.079	467237.944	22049.594	484254.420	74966.145	467297.518	21531.701
1ZLI	367206.606	135.313	-24.658	-30.928	874295.384	107157.313	611934.236	144552.495	515891.372	103491.612	611999.094	140890.643
2A5T	953.946	-6.886	-16.428	-19.728	33915.413	1686.152	32699.435	2723.687	33327.399	1701.163	32804.216	2791.754
2A9K	42792.863	-12.607	-22.302	-25.488	43244.827	436.270	518.166	427.954	518.880	516.776	609.686	524.823
2ABZ	181.472	-20.130	-16.271	-22.180	6147.323	3365.969	3261.384	3129.027	6006.992	3408.341	3318.260	3197.596
2AJF	70.339	-22.789	-25.161	-32.358	439.655	253.551	448.065	279.809	429.874	336.592	535.323	373.869
2AYO	6849.388	-14.772	14.828	-20.921	629972.497	143425.946	617790.942	46867.556	623388.612	139395.639	617849.434	45211.251
2B42	654.129	-0.008	-37.470	-43.206	75067.199	68920.669	79452.966	75278.808	74508.030	69055.834	79578.537	75375.576
2B4J	361.592	-4.716	-15.874	-18.444	520.108	171.685	250.656	152.081	187.399	185.196	288.994	192.773
2BTF	9812.261	-9.719	-19.162	-29.165	2301.229	345.469	547.791	328.018	413.034	428.350	629.017	423.202
2C0L	5508.112	-6.295	-12.226	-15.498	209314.790	29713.510	272537.825	21953.887	203851.764	25880.483	272594.170	21695.442
2CFH	-10.953	-23.815	-38.779	-44.668	247185.249	42410.473	294290.328	17486.124	247264.450	41299.496	294400.501	17140.720
2FD6	234.173	-15.377	-21.872	-30.259	528.199	221.575	194.698	161.029	347.161	264.475	240.278	215.626
2FJU	4500.562	-16.086	-18.345	-20.981	4760.056	188.026	158.142	127.459	312.899	259.015	222.474	206.370
2G77	22158.788	-13.183	-21.858	-29.969	22585.245	439.966	494.999	270.153	482.499	496.862	579.665	368.842
2GAF	3548.205	-20.851	-34.208	-36.310	79264.018	63275.669	71496.394	60809.694	75895.517	63450.472	71683.018	60882.589
2GTP	-5.499	-16.982	-11.999	-17.528	528.954	357.817	423.009	319.082	606.899	448.584	503.710	408.967
2HLE	2071.286	-13.386	-13.375	-20.159	21710.328	3654.523	19338.863	2741.099	19687.462	3642.119	19397.598	2745.791
2HQS	52383.716	-3.916	-26.403	-30.380	52713.564	382.238	373.383	256.669	393.572	445.430	446.817	334.165
2HRK	954729714775.148	-9.119	-16.917	-20.910	516.037	264.654	364.022	257.620	484.637	360.481	446.961	359.642
2I25	3320.995	-15.855	-25.212	-30.567	3497.456	194.624	197.315	128.139	237.306	223.771	236.759	176.783
2I9B	1415253.573	-11.003	-29.800	-34.370	1710.495	302.992	324.096	255.843	451.453	336.786	378.440	317.536
2IDO	1894.693	-14.218	-17.319	-24.233	2211.769	284.912	306.962	259.728	371.352	350.760	368.298	338.410
2J0T	18354.743	-15.347	-18.992	-22.650	343112.673	46172.160	231470.668	28419.965	325017.226	44356.410	231538.084	27243.292
2J7P	337877.302	-0.006	-18.142	-26.728	145427.704	33199.036	59290.615	32160.080	57688.948	33239.205	59413.747	32224.631
2JEL	486.595	-15.984	-23.913	-25.953	1207006.993	367466.345	1212964.131	333477.408	1206556.967	365570.173	1213023.999	330649.488
2MTA	-20.365	-23.420	-21.785	-28.140	316.130	185.458	291.655	169.854	400.484	276.227	379.128	271.546
2NZ8	735963.562	-8.822	-32.216	-38.206	77116.252	765.544	280.280	172.961	385.634	474.905	358.382	264.811
2O3B	-1.418	-18.416	-24.458	-31.673	2654.839	2631.770	2916.568	2902.876	2678.703	2664.151	2959.656	2951.063
2O8V	2648.786	-6.830	-12.975	-15.677	2770.154	94.862	83.534	70.918	146.057	123.613	121.051	114.989
2OOB	51.938	-18.160	-15.213	-18.688	64620.274	1123.182	92076.638	2980.515	64626.357	1099.436	92122.652	2916.681
2OOR	475.630	-26.332	-33.193	-37.057	1011.658	456.887	582.879	437.054	586.086	553.944	692.445	557.734
2OT3	8266.698	-20.571	-29.133	-33.092	95722.671	16811.099	359.824	222.939	87690.917	15923.518	488.327	373.670
2OZA	5489.778	-19.856	-27.010	-28.746	26754.556	4497.920	23338.304	4429.150	23441.349	4357.974	23435.658	4504.073
2PCC	340.371	-19.975	-20.227	-27.061	627.689	190.212	225.008	163.967	322.799	245.286	277.298	232.117
2SIC	1529.182	-17.963	-26.964	-27.794	1737.879	171.768	242.730	151.975	219.740	207.330	278.101	205.531
2SNI	67.530	-25.444	-28.717	-30.665	2953.207	2832.648	3017.736	2976.631	2911.439	2887.244	3068.868	3037.317
2UUY	11346917.931	-7.599	-19.035	-21.614	11346852.494	134.252	117.468	63.853	167.056	144.349	162.368	118.789
2VDB	153.192	-15.872	-20.740	-21.923	2584.057	2355.182	2479.862	2333.130	2484.107	2430.993	2546.478	2412.628
2VXT	52685.971	-18.840	-34.288	-37.460	52947.526	323.208	1980.925	1088.033	305.209	355.707	2049.475	903.146
2W9E	24.376	-13.079	-16.521	-23.845	508.756	283.284	295.764	200.764	507.218	324.106	351.210	264.284
2X9A	797.409	-14.681	-29.543	-31.482	644.127	337.303	402.973	274.967	358.071	378.342	464.542	344.442
2YVJ	-15.296	-29.239	-12.782	-28.125	2501.021	881.516	2579.899	734.571	2542.168	898.605	2618.075	752.182
2Z0E	5477.120	870.366	-22.091	-31.522	7954.885	4349.558	2957.909	2916.054	3173.654	3679.755	3016.883	3001.825
3A4S	6706.869	-20.216	-8.520	-18.693	12187.095	2945.478	6529.363	3457.423	5517.557	2992.161	6566.469	3503.781
3AAA	70543750.579	-9.930	-25.010	-29.781	71006682.991	118966.811	476069.652	52030.731	468239.609	117205.433	476155.559	51501.782
3AAD	3777928.615	-7.467	-8.202	-13.839	3719117.112	859.956	478.204	230.693	309.650	858.409	553.542	316.368
3BIW	-4.350	-10.576	-8.181	-11.734	474.329	257.071	278.427	244.357	503.735	291.555	311.493	284.144
3BP8	8843.613	-15.140	-16.129	-19.556	5484.526	148.130	162.460	133.608	232.529	210.527	222.510	201.558
3BX7	19377.483	1010.888	-32.588	-38.488	190608.672	17724.412	185000.537	14145.649	174628.954	16896.321	185083.817	13807.088
3CPH	98948.298	-15.162	-25.197	-32.079	73654.843	654.584	413.399	266.788	220.711	395.129	480.347	348.879
3D5S	347.919	-14.740	-19.195	-21.094	381415.273	5326.834	385660.166	4042.367	381103.415	5116.738	385716.399	3982.277
3DAW	215681.868	-16.262	-34.882	-38.026	5369.419	3395.073	7478.912	3704.048	5063.635	3478.876	7575.367	3754.981
3EO1	2994.714	-19.215	-21.100	-23.002	1147.536	375.843	311.498	273.047	412.286	439.399	394.095	361.297
3EOA	1550771197.753	-0.012	-18.145	-22.496	823.621	318.072	312.151	245.877	403.082	363.124	374.897	329.925
3F1P	-7.085	-19.115	-21.798	-26.993	229.659	161.773	360.462	193.516	290.636	246.962	431.551	270.076
3FN1	2608.770	-11.342	-0.962	-17.840	2831.810	187.733	302.127	186.593	328.342	258.247	368.413	272.810
3G6D	234.014	-10.688	-24.214	-31.730	2896.930	2589.796	3213.738	3113.291	2706.390	2662.207	3285.067	3201.256
3H11	2393.447	-17.738	1.632	-21.650	590377.641	31503.771	689232.604	209757.275	589211.371	30659.557	689322.093	201172.757
3H2V	19.341	-9.267	-5.429	-12.407	212.026	173.467	225.514	175.921	222.428	208.469	258.194	216.539
3HMX	2707240.130	-19.823	-25.977	-32.797	2707845.409	1649.774	2694.438	749.053	2797.047	1716.387	2822.218	869.300
3K75	-14.085	-15.664	-11.848	-17.981	231.293	154.902	233.678	149.146	304.730	239.856	307.928	236.897
3L5W	3302.681	-20.848	-21.927	-25.425	1373038.168	143193.170	1320012.793	134788.526	1372654.296	142834.172	1320057.085	134062.841
3L89	72246.639	-0.003	-27.239	-32.217	227596.785	53680.501	158478.464	61236.713	156621.586	53724.794	158577.043	61277.770
3LVK	36064.238	-12.936	-15.384	-26.111	38686.920	969.312	2423.862	618.019	2647.976	979.974	2465.503	660.339
3MXW	-9.445	-27.188	-24.944	-29.726	538.820	332.596	466.132	320.757	597.796	402.284	535.537	392.776
3P57	125.646	-10.839	-12.411	-15.166	378.822	184.722	196.757	167.081	258.891	203.822	214.617	191.061
3PC8	-2.607	-19.954	-16.165	-20.270	376525.465	60883.018	376183.023	34826.010	376560.033	59467.590	376231.367	33791.294
3RVW	178.857	-19.491	-14.335	-18.766	625.474	331.675	432.715	315.973	527.428	430.708	523.461	418.335
3S9D	57.258	-23.671	-25.220	-29.195	252.654	172.339	235.793	191.920	246.285	246.905	312.171	277.945
3SGQ	63.132	-22.195	-22.071	-24.439	2500.397	333.198	2445.288	866.204	2538.250	366.615	2484.359	896.054
3SZK	19517.462	-17.822	-14.180	-23.260	19843.435	336.895	2735.119	1049.718	368.713	377.304	2806.292	1095.895
3V6Z	78625.008	-10.836	-26.287	-32.170	16099.189	453.925	348.585	295.159	522.245	491.122	447.924	412.872
3VLB	-21.828	-34.064	-31.770	-34.249	86217.286	31338.384	84812.928	32694.015	86319.789	31400.536	84920.079	32730.487
4CPA	619.355	-17.286	-17.640	-24.423	4389.900	3509.341	3476.110	3323.504	3790.010	3543.749	3498.325	3367.417
4DN4	1794.600	-23.819	-19.907	-24.777	1936.019	105.172	153.788	104.415	168.104	149.619	198.555	159.750
4G6M	-16.258	-22.504	-22.000	-26.067	488.136	274.779	292.448	245.526	542.928	326.739	348.974	309.570
4H03	-1.481	-18.458	-21.525	-24.615	13926.628	904.263	13209.264	2968.529	13997.687	984.034	13318.525	3026.930
4HX3	2569.218	-6.831	-30.248	-33.646	13273.355	730.466	11632.127	977.931	11811.204	815.262	11734.325	1031.317
4IZ7	4376.109	-10.221	-12.846	-15.809	4566.913	213.873	202.724	157.986	236.522	236.995	254.132	219.800
4JCV	20719.886	6214.058	-23.330	-38.667	161514.012	6804.662	153335.927	5607.351	155139.369	6468.688	153477.448	5519.939
4LW4	1493.736	-15.340	-19.528	-22.289	1865.025	337.187	364.988	266.750	426.310	405.011	426.269	341.930
4M76	4.532	-11.589	-9.461	-10.846	244.413	202.559	213.004	178.957	267.306	237.044	246.460	216.336
7CEI	-24.988	-28.429	-28.237	-34.718	261.374	219.217	238.201	203.989	304.016	267.901	286.891	262.161
9QFW	-16.246	-23.268	-22.704	-26.706	325.656	278.792	324.839	227.981	367.905	324.231	374.279	279.620
